{"cameraMode":{"drawMode":0,"name":"Shaded","section":"Shading Mode"},"sceneLighting":false,"audioPlay":false,"sceneViewState":{"m_AlwaysRefresh":false,"showFog":true,"showSkybox":false,"showFlares":true,"showImageEffects":true,"showParticleSystems":true,"showVisualEffectGraphs":true,"m_FxEnabled":true},"in2DMode":false,"pivot":{"x":-0.04837412014603615,"y":-0.8147469758987427,"z":0.3752169609069824},"rotation":{"x":-0.3412812352180481,"y":0.012957156635820866,"z":-0.004696967080235481,"w":-0.9398726224899292},"size":0.7058960795402527,"orthographic":false}